날짜,구분,합계,스페인,벨기에,이집트,이란,레바논,이스라엘,쿠웨이트,아프가니스탄,바레인,오만,이라크,브라질,스위스,오스트리아,크로아티아,알제리,파키스탄,덴마크,에스토니아,조지아,그리스,북마케도니아,노르웨이,루마니아,아제르바이잔,멕시코,아이슬란드,모나코,네덜란드,벨라루스,산마리노,뉴질랜드,나이지리아,리투아니아,카타르,에콰도르,룩셈부르크,아르메니아,아일랜드,인도네시아,도미니카공화국,체코,포르투갈,라트비아,안도라,요르단,튀니지,모로코,아르헨티나,칠레,폴란드,우크라이나,헝가리,슬로베니아,리히텐슈타인,세네갈,세르비아,카메룬,남아프리카공화국,콜롬비아,페루,슬로바키아,토고,몰디브,코스타리카,불가리아,몰타,몰도바,방글라데시,파라과이,알바니아,브루나이,몽골,파나마,사이프러스,볼리비아,자메이카,부르키나파소,온두라스,터키,코트디부아르,카자흐스탄,우즈베키스탄,소말리아,쿠바,가이아나,베네수엘라,우루과이,과테말라,바하마,수단,에티오피아,가봉,가나,기니,케냐,중앙아프리카공화국,콩고,적도기니,에스와티니,르완다,라이베리아,탄자니아,몬테네그로,지부티,엘살바도르,바베이도스,잠비아,모리셔스,키르기스스탄,피지,차드,니제르,동티모르,아이티,파푸아뉴기니,카보베르데,짐바브웨,마다가스카르,앙골라,에리트레아,우간다,미얀마,라오스,시리아,리비아,그레나다,벨리즈,도미니카연방,세인트키츠네비스,코소보,모잠비크,기니비사우,말리,사우디아라비아,앤티가바부다,트리니다드토바고,세인트루시아,보스니아 헤르체고비나,시에라리온,말라위,남수단,중국,태국,일본,미국,대만,마카오,홍콩,베트남,싱가포르,네팔,프랑스,말레이시아,호주,캄보디아,캐나다,스리랑카,독일,아랍에미리트,인도,필리핀,핀란드,영국,러시아,이탈리아,스웨덴
2020-01-21,발생,204,0,0,0,0,0,0,0,0,0,0,0,0,0,0,0,0,0,0,0,0,0,0,0,0,0,0,0,0,0,0,0,0,0,0,0,0,0,0,0,0,0,0,0,0,0,0,0,0,0,0,0,0,0,0,0,0,0,0,0,0,0,0,0,0,0,0,0,0,0,0,0,0,0,0,0,0,0,0,0,0,0,0,0,0,0,0,0,0,0,0,0,0,0,0,0,0,0,0,0,0,0,0,0,0,0,0,0,0,0,0,0,0,0,0,0,0,0,0,0,0,0,0,0,0,0,0,0,0,0,0,0,0,0,0,0,0,0,0,0,0,0,0,201,2,1,0,0,0,0,0,0,0,0,0,0,0,0,0,0,0,0,0,0,0,0,0,0
2020-01-22,발생,222,0,0,0,0,0,0,0,0,0,0,0,0,0,0,0,0,0,0,0,0,0,0,0,0,0,0,0,0,0,0,0,0,0,0,0,0,0,0,0,0,0,0,0,0,0,0,0,0,0,0,0,0,0,0,0,0,0,0,0,0,0,0,0,0,0,0,0,0,0,0,0,0,0,0,0,0,0,0,0,0,0,0,0,0,0,0,0,0,0,0,0,0,0,0,0,0,0,0,0,0,0,0,0,0,0,0,0,0,0,0,0,0,0,0,0,0,0,0,0,0,0,0,0,0,0,0,0,0,0,0,0,0,0,0,0,0,0,0,0,0,0,0,219,2,1,0,0,0,0,0,0,0,0,0,0,0,0,0,0,0,0,0,0,0,0,0,0
2020-01-23,발생,314,0,0,0,0,0,0,0,0,0,0,0,0,0,0,0,0,0,0,0,0,0,0,0,0,0,0,0,0,0,0,0,0,0,0,0,0,0,0,0,0,0,0,0,0,0,0,0,0,0,0,0,0,0,0,0,0,0,0,0,0,0,0,0,0,0,0,0,0,0,0,0,0,0,0,0,0,0,0,0,0,0,0,0,0,0,0,0,0,0,0,0,0,0,0,0,0,0,0,0,0,0,0,0,0,0,0,0,0,0,0,0,0,0,0,0,0,0,0,0,0,0,0,0,0,0,0,0,0,0,0,0,0,0,0,0,0,0,0,0,0,0,0,309,2,1,1,1,0,0,0,0,0,0,0,0,0,0,0,0,0,0,0,0,0,0,0,0
2020-01-24,발생,580,0,0,0,0,0,0,0,0,0,0,0,0,0,0,0,0,0,0,0,0,0,0,0,0,0,0,0,0,0,0,0,0,0,0,0,0,0,0,0,0,0,0,0,0,0,0,0,0,0,0,0,0,0,0,0,0,0,0,0,0,0,0,0,0,0,0,0,0,0,0,0,0,0,0,0,0,0,0,0,0,0,0,0,0,0,0,0,0,0,0,0,0,0,0,0,0,0,0,0,0,0,0,0,0,0,0,0,0,0,0,0,0,0,0,0,0,0,0,0,0,0,0,0,0,0,0,0,0,0,0,0,0,0,0,0,0,0,0,0,0,0,0,571,4,1,1,1,1,1,0,0,0,0,0,0,0,0,0,0,0,0,0,0,0,0,0,0
2020-01-25,발생,845,0,0,0,0,0,0,0,0,0,0,0,0,0,0,0,0,0,0,0,0,0,0,0,0,0,0,0,0,0,0,0,0,0,0,0,0,0,0,0,0,0,0,0,0,0,0,0,0,0,0,0,0,0,0,0,0,0,0,0,0,0,0,0,0,0,0,0,0,0,0,0,0,0,0,0,0,0,0,0,0,0,0,0,0,0,0,0,0,0,0,0,0,0,0,0,0,0,0,0,0,0,0,0,0,0,0,0,0,0,0,0,0,0,0,0,0,0,0,0,0,0,0,0,0,0,0,0,0,0,0,0,0,0,0,0,0,0,0,0,0,0,0,830,4,2,1,1,2,2,2,1,0,0,0,0,0,0,0,0,0,0,0,0,0,0,0,0
2020-01-26,발생,1315,0,0,0,0,0,0,0,0,0,0,0,0,0,0,0,0,0,0,0,0,0,0,0,0,0,0,0,0,0,0,0,0,0,0,0,0,0,0,0,0,0,0,0,0,0,0,0,0,0,0,0,0,0,0,0,0,0,0,0,0,0,0,0,0,0,0,0,0,0,0,0,0,0,0,0,0,0,0,0,0,0,0,0,0,0,0,0,0,0,0,0,0,0,0,0,0,0,0,0,0,0,0,0,0,0,0,0,0,0,0,0,0,0,0,0,0,0,0,0,0,0,0,0,0,0,0,0,0,0,0,0,0,0,0,0,0,0,0,0,0,0,0,1287,5,2,2,3,2,5,2,3,1,3,0,0,0,0,0,0,0,0,0,0,0,0,0,0
2020-01-27,발생,2010,0,0,0,0,0,0,0,0,0,0,0,0,0,0,0,0,0,0,0,0,0,0,0,0,0,0,0,0,0,0,0,0,0,0,0,0,0,0,0,0,0,0,0,0,0,0,0,0,0,0,0,0,0,0,0,0,0,0,0,0,0,0,0,0,0,0,0,0,0,0,0,0,0,0,0,0,0,0,0,0,0,0,0,0,0,0,0,0,0,0,0,0,0,0,0,0,0,0,0,0,0,0,0,0,0,0,0,0,0,0,0,0,0,0,0,0,0,0,0,0,0,0,0,0,0,0,0,0,0,0,0,0,0,0,0,0,0,0,0,0,0,0,1975,5,3,2,3,2,5,2,4,1,3,4,1,0,0,0,0,0,0,0,0,0,0,0,0
2020-01-28,발생,2794,0,0,0,0,0,0,0,0,0,0,0,0,0,0,0,0,0,0,0,0,0,0,0,0,0,0,0,0,0,0,0,0,0,0,0,0,0,0,0,0,0,0,0,0,0,0,0,0,0,0,0,0,0,0,0,0,0,0,0,0,0,0,0,0,0,0,0,0,0,0,0,0,0,0,0,0,0,0,0,0,0,0,0,0,0,0,0,0,0,0,0,0,0,0,0,0,0,0,0,0,0,0,0,0,0,0,0,0,0,0,0,0,0,0,0,0,0,0,0,0,0,0,0,0,0,0,0,0,0,0,0,0,0,0,0,0,0,0,0,0,0,0,2744,8,4,3,4,5,8,2,4,1,3,4,4,0,0,0,0,0,0,0,0,0,0,0,0
2020-01-29,발생,4572,0,0,0,0,0,0,0,0,0,0,0,0,0,0,0,0,0,0,0,0,0,0,0,0,0,0,0,0,0,0,0,0,0,0,0,0,0,0,0,0,0,0,0,0,0,0,0,0,0,0,0,0,0,0,0,0,0,0,0,0,0,0,0,0,0,0,0,0,0,0,0,0,0,0,0,0,0,0,0,0,0,0,0,0,0,0,0,0,0,0,0,0,0,0,0,0,0,0,0,0,0,0,0,0,0,0,0,0,0,0,0,0,0,0,0,0,0,0,0,0,0,0,0,0,0,0,0,0,0,0,0,0,0,0,0,0,0,0,0,0,0,0,4515,8,4,5,5,6,8,2,4,1,3,4,5,1,1,0,0,0,0,0,0,0,0,0,0
2020-01-30,발생,6052,0,0,0,0,0,0,0,0,0,0,0,0,0,0,0,0,0,0,0,0,0,0,0,0,0,0,0,0,0,0,0,0,0,0,0,0,0,0,0,0,0,0,0,0,0,0,0,0,0,0,0,0,0,0,0,0,0,0,0,0,0,0,0,0,0,0,0,0,0,0,0,0,0,0,0,0,0,0,0,0,0,0,0,0,0,0,0,0,0,0,0,0,0,0,0,0,0,0,0,0,0,0,0,0,0,0,0,0,0,0,0,0,0,0,0,0,0,0,0,0,0,0,0,0,0,0,0,0,0,0,0,0,0,0,0,0,0,0,0,0,0,0,5974,14,7,5,8,7,8,2,5,1,3,4,5,1,3,1,4,0,0,0,0,0,0,0,0
2020-01-31,발생,7808,0,0,0,0,0,0,0,0,0,0,0,0,0,0,0,0,0,0,0,0,0,0,0,0,0,0,0,0,0,0,0,0,0,0,0,0,0,0,0,0,0,0,0,0,0,0,0,0,0,0,0,0,0,0,0,0,0,0,0,0,0,0,0,0,0,0,0,0,0,0,0,0,0,0,0,0,0,0,0,0,0,0,0,0,0,0,0,0,0,0,0,0,0,0,0,0,0,0,0,0,0,0,0,0,0,0,0,0,0,0,0,0,0,0,0,0,0,0,0,0,0,0,0,0,0,0,0,0,0,0,0,0,0,0,0,0,0,0,0,0,0,0,7711,14,9,5,8,7,10,2,10,1,4,7,7,1,3,1,4,4,0,0,0,0,0,0,0
2020-02-01,발생,11924,0,0,0,0,0,0,0,0,0,0,0,0,0,0,0,0,0,0,0,0,0,0,0,0,0,0,0,0,0,0,0,0,0,0,0,0,0,0,0,0,0,0,0,0,0,0,0,0,0,0,0,0,0,0,0,0,0,0,0,0,0,0,0,0,0,0,0,0,0,0,0,0,0,0,0,0,0,0,0,0,0,0,0,0,0,0,0,0,0,0,0,0,0,0,0,0,0,0,0,0,0,0,0,0,0,0,0,0,0,0,0,0,0,0,0,0,0,0,0,0,0,0,0,0,0,0,0,0,0,0,0,0,0,0,0,0,0,0,0,0,0,0,11791,19,15,6,10,7,12,5,13,1,5,8,9,1,3,1,5,4,1,1,1,2,2,2,0
2020-02-02,발생,14527,0,0,0,0,0,0,0,0,0,0,0,0,0,0,0,0,0,0,0,0,0,0,0,0,0,0,0,0,0,0,0,0,0,0,0,0,0,0,0,0,0,0,0,0,0,0,0,0,0,0,0,0,0,0,0,0,0,0,0,0,0,0,0,0,0,0,0,0,0,0,0,0,0,0,0,0,0,0,0,0,0,0,0,0,0,0,0,0,0,0,0,0,0,0,0,0,0,0,0,0,0,0,0,0,0,0,0,0,0,0,0,0,0,0,0,0,0,0,0,0,0,0,0,0,0,0,0,0,0,0,0,0,0,0,0,0,0,0,0,0,0,0,14380,19,15,7,10,7,13,6,16,1,6,8,12,1,4,1,7,4,1,1,1,2,2,2,1
2020-02-03,발생,14528,1,0,0,0,0,0,0,0,0,0,0,0,0,0,0,0,0,0,0,0,0,0,0,0,0,0,0,0,0,0,0,0,0,0,0,0,0,0,0,0,0,0,0,0,0,0,0,0,0,0,0,0,0,0,0,0,0,0,0,0,0,0,0,0,0,0,0,0,0,0,0,0,0,0,0,0,0,0,0,0,0,0,0,0,0,0,0,0,0,0,0,0,0,0,0,0,0,0,0,0,0,0,0,0,0,0,0,0,0,0,0,0,0,0,0,0,0,0,0,0,0,0,0,0,0,0,0,0,0,0,0,0,0,0,0,0,0,0,0,0,0,0,14380,19,15,7,10,7,13,6,16,1,6,8,12,1,4,1,7,4,1,1,1,2,2,2,1
2020-02-04,발생,17363,1,0,0,0,0,0,0,0,0,0,0,0,0,0,0,0,0,0,0,0,0,0,0,0,0,0,0,0,0,0,0,0,0,0,0,0,0,0,0,0,0,0,0,0,0,0,0,0,0,0,0,0,0,0,0,0,0,0,0,0,0,0,0,0,0,0,0,0,0,0,0,0,0,0,0,0,0,0,0,0,0,0,0,0,0,0,0,0,0,0,0,0,0,0,0,0,0,0,0,0,0,0,0,0,0,0,0,0,0,0,0,0,0,0,0,0,0,0,0,0,0,0,0,0,0,0,0,0,0,0,0,0,0,0,0,0,0,0,0,0,0,0,17205,19,15,8,10,8,14,7,18,1,6,8,12,1,4,1,8,5,2,2,1,2,2,2,1
2020-02-05,발생,20603,1,0,0,0,0,0,0,0,0,0,0,0,0,0,0,0,0,0,0,0,0,0,0,0,0,0,0,0,0,0,0,0,0,0,0,0,0,0,0,0,0,0,0,0,0,0,0,0,0,0,0,0,0,0,0,0,0,0,0,0,0,0,0,0,0,0,0,0,0,0,0,0,0,0,0,0,0,0,0,0,0,0,0,0,0,0,0,0,0,0,0,0,0,0,0,0,0,0,0,0,0,0,0,0,0,0,0,0,0,0,0,0,0,0,0,0,0,0,0,0,0,0,0,0,0,0,0,0,0,0,0,0,0,0,0,0,0,0,0,0,0,0,20438,19,16,11,10,8,15,8,18,1,6,8,12,1,4,1,8,5,3,2,1,2,2,2,1
2020-02-06,발생,24509,1,0,0,0,0,0,0,0,0,0,0,0,0,0,0,0,0,0,0,0,0,0,0,0,0,0,0,0,0,0,0,0,0,0,0,0,0,0,0,0,0,0,0,0,0,0,0,0,0,0,0,0,0,0,0,0,0,0,0,0,0,0,0,0,0,0,0,0,0,0,0,0,0,0,0,0,0,0,0,0,0,0,0,0,0,0,0,0,0,0,0,0,0,0,0,0,0,0,0,0,0,0,0,0,0,0,0,0,0,0,0,0,0,0,0,0,0,0,0,0,0,0,0,0,0,0,0,0,0,0,0,0,0,0,0,0,0,0,0,0,0,0,24324,19,19,11,11,10,18,10,22,1,6,10,13,1,4,1,10,5,3,2,1,2,2,2,1
2020-02-07,발생,28230,1,0,0,0,0,0,0,0,0,0,0,0,0,0,0,0,0,0,0,0,0,0,0,0,0,0,0,0,0,0,0,0,0,0,0,0,0,0,0,0,0,0,0,0,0,0,0,0,0,0,0,0,0,0,0,0,0,0,0,0,0,0,0,0,0,0,0,0,0,0,0,0,0,0,0,0,0,0,0,0,0,0,0,0,0,0,0,0,0,0,0,0,0,0,0,0,0,0,0,0,0,0,0,0,0,0,0,0,0,0,0,0,0,0,0,0,0,0,0,0,0,0,0,0,0,0,0,0,0,0,0,0,0,0,0,0,0,0,0,0,0,0,28018,25,25,11,11,10,21,10,26,1,6,10,13,1,5,1,10,5,3,3,1,2,2,2,1
2020-02-08,발생,31398,1,1,0,0,0,0,0,0,0,0,0,0,0,0,0,0,0,0,0,0,0,0,0,0,0,0,0,0,0,0,0,0,0,0,0,0,0,0,0,0,0,0,0,0,0,0,0,0,0,0,0,0,0,0,0,0,0,0,0,0,0,0,0,0,0,0,0,0,0,0,0,0,0,0,0,0,0,0,0,0,0,0,0,0,0,0,0,0,0,0,0,0,0,0,0,0,0,0,0,0,0,0,0,0,0,0,0,0,0,0,0,0,0,0,0,0,0,0,0,0,0,0,0,0,0,0,0,0,0,0,0,0,0,0,0,0,0,0,0,0,0,0,31161,25,25,12,13,10,21,10,28,1,6,12,14,1,5,1,12,5,3,3,1,2,2,2,1
2020-02-09,발생,34783,1,1,0,0,0,0,0,0,0,0,0,0,0,0,0,0,0,0,0,0,0,0,0,0,0,0,0,0,0,0,0,0,0,0,0,0,0,0,0,0,0,0,0,0,0,0,0,0,0,0,0,0,0,0,0,0,0,0,0,0,0,0,0,0,0,0,0,0,0,0,0,0,0,0,0,0,0,0,0,0,0,0,0,0,0,0,0,0,0,0,0,0,0,0,0,0,0,0,0,0,0,0,0,0,0,0,0,0,0,0,0,0,0,0,0,0,0,0,0,0,0,0,0,0,0,0,0,0,0,0,0,0,0,0,0,0,0,0,0,0,0,0,34546,25,25,12,16,10,26,12,30,1,6,14,15,1,7,1,13,5,3,3,1,3,2,3,1
2020-02-10,발생,37452,1,1,0,0,0,0,0,0,0,0,0,0,0,0,0,0,0,0,0,0,0,0,0,0,0,0,0,0,0,0,0,0,0,0,0,0,0,0,0,0,0,0,0,0,0,0,0,0,0,0,0,0,0,0,0,0,0,0,0,0,0,0,0,0,0,0,0,0,0,0,0,0,0,0,0,0,0,0,0,0,0,0,0,0,0,0,0,0,0,0,0,0,0,0,0,0,0,0,0,0,0,0,0,0,0,0,0,0,0,0,0,0,0,0,0,0,0,0,0,0,0,0,0,0,0,0,0,0,0,0,0,0,0,0,0,0,0,0,0,0,0,0,37198,32,26,12,17,10,26,13,33,1,6,15,15,1,7,1,14,7,3,3,1,3,2,3,1
2020-02-11,발생,40441,1,1,0,0,0,0,0,0,0,0,0,0,0,0,0,0,0,0,0,0,0,0,0,0,0,0,0,0,0,0,0,0,0,0,0,0,0,0,0,0,0,0,0,0,0,0,0,0,0,0,0,0,0,0,0,0,0,0,0,0,0,0,0,0,0,0,0,0,0,0,0,0,0,0,0,0,0,0,0,0,0,0,0,0,0,0,0,0,0,0,0,0,0,0,0,0,0,0,0,0,0,0,0,0,0,0,0,0,0,0,0,0,0,0,0,0,0,0,0,0,0,0,0,0,0,0,0,0,0,0,0,0,0,0,0,0,0,0,0,0,0,0,40171,32,26,12,18,10,26,14,40,1,11,17,15,1,7,1,14,7,3,3,1,3,2,3,1
2020-02-12,발생,42929,1,1,0,0,0,0,0,0,0,0,0,0,0,0,0,0,0,0,0,0,0,0,0,0,0,0,0,0,0,0,0,0,0,0,0,0,0,0,0,0,0,0,0,0,0,0,0,0,0,0,0,0,0,0,0,0,0,0,0,0,0,0,0,0,0,0,0,0,0,0,0,0,0,0,0,0,0,0,0,0,0,0,0,0,0,0,0,0,0,0,0,0,0,0,0,0,0,0,0,0,0,0,0,0,0,0,0,0,0,0,0,0,0,0,0,0,0,0,0,0,0,0,0,0,0,0,0,0,0,0,0,0,0,0,0,0,0,0,0,0,0,0,42638,32,26,12,18,10,42,14,43,1,11,18,15,1,7,1,14,7,3,3,1,4,2,3,1
2020-02-13,발생,44962,2,1,0,0,0,0,0,0,0,0,0,0,0,0,0,0,0,0,0,0,0,0,0,0,0,0,0,0,0,0,0,0,0,0,0,0,0,0,0,0,0,0,0,0,0,0,0,0,0,0,0,0,0,0,0,0,0,0,0,0,0,0,0,0,0,0,0,0,0,0,0,0,0,0,0,0,0,0,0,0,0,0,0,0,0,0,0,0,0,0,0,0,0,0,0,0,0,0,0,0,0,0,0,0,0,0,0,0,0,0,0,0,0,0,0,0,0,0,0,0,0,0,0,0,0,0,0,0,0,0,0,0,0,0,0,0,0,0,0,0,0,0,44653,33,26,13,18,10,49,15,45,1,11,18,15,1,7,1,14,8,3,3,1,8,2,3,1
2020-02-14,발생,60125,2,1,0,0,0,0,0,0,0,0,0,0,0,0,0,0,0,0,0,0,0,0,0,0,0,0,0,0,0,0,0,0,0,0,0,0,0,0,0,0,0,0,0,0,0,0,0,0,0,0,0,0,0,0,0,0,0,0,0,0,0,0,0,0,0,0,0,0,0,0,0,0,0,0,0,0,0,0,0,0,0,0,0,0,0,0,0,0,0,0,0,0,0,0,0,0,0,0,0,0,0,0,0,0,0,0,0,0,0,0,0,0,0,0,0,0,0,0,0,0,0,0,0,0,0,0,0,0,0,0,0,0,0,0,0,0,0,0,0,0,0,0,59804,33,28,14,18,10,50,15,50,1,11,18,15,1,7,1,16,8,3,3,1,9,2,3,1
2020-02-15,발생,64174,2,1,0,0,0,0,0,0,0,0,0,0,0,0,0,0,0,0,0,0,0,0,0,0,0,0,0,0,0,0,0,0,0,0,0,0,0,0,0,0,0,0,0,0,0,0,0,0,0,0,0,0,0,0,0,0,0,0,0,0,0,0,0,0,0,0,0,0,0,0,0,0,0,0,0,0,0,0,0,0,0,0,0,0,0,0,0,0,0,0,0,0,0,0,0,0,0,0,0,0,0,0,0,0,0,0,0,0,0,0,0,0,0,0,0,0,0,0,0,0,0,0,0,0,0,0,0,0,0,0,0,0,0,0,0,0,0,0,0,0,0,0,63851,33,29,14,18,10,50,16,50,1,11,18,15,1,7,1,16,8,3,3,1,9,2,3,1
2020-02-16,발생,66853,3,1,1,0,0,0,0,0,0,0,0,0,0,0,0,0,0,0,0,0,0,0,0,0,0,0,0,0,0,0,0,0,0,0,0,0,0,0,0,0,0,0,0,0,0,0,0,0,0,0,0,0,0,0,0,0,0,0,0,0,0,0,0,0,0,0,0,0,0,0,0,0,0,0,0,0,0,0,0,0,0,0,0,0,0,0,0,0,0,0,0,0,0,0,0,0,0,0,0,0,0,0,0,0,0,0,0,0,0,0,0,0,0,0,0,0,0,0,0,0,0,0,0,0,0,0,0,0,0,0,0,0,0,0,0,0,0,0,0,0,0,0,66492,33,40,15,18,10,56,16,67,1,11,19,15,1,7,1,16,8,3,3,1,9,2,3,1
2020-02-17,발생,68882,3,1,1,0,0,0,0,0,0,0,0,0,0,0,0,0,0,0,0,0,0,0,0,0,0,0,0,0,0,0,0,0,0,0,0,0,0,0,0,0,0,0,0,0,0,0,0,0,0,0,0,0,0,0,0,0,0,0,0,0,0,0,0,0,0,0,0,0,0,0,0,0,0,0,0,0,0,0,0,0,0,0,0,0,0,0,0,0,0,0,0,0,0,0,0,0,0,0,0,0,0,0,0,0,0,0,0,0,0,0,0,0,0,0,0,0,0,0,0,0,0,0,0,0,0,0,0,0,0,0,0,0,0,0,0,0,0,0,0,0,0,0,68500,34,52,15,18,10,56,16,72,1,12,21,15,1,7,1,16,8,3,3,1,9,2,3,1
2020-02-18,발생,70934,3,1,1,0,0,0,0,0,0,0,0,0,0,0,0,0,0,0,0,0,0,0,0,0,0,0,0,0,0,0,0,0,0,0,0,0,0,0,0,0,0,0,0,0,0,0,0,0,0,0,0,0,0,0,0,0,0,0,0,0,0,0,0,0,0,0,0,0,0,0,0,0,0,0,0,0,0,0,0,0,0,0,0,0,0,0,0,0,0,0,0,0,0,0,0,0,0,0,0,0,0,0,0,0,0,0,0,0,0,0,0,0,0,0,0,0,0,0,0,0,0,0,0,0,0,0,0,0,0,0,0,0,0,0,0,0,0,0,0,0,0,0,70548,34,53,15,20,10,56,16,72,1,12,22,15,1,7,1,16,8,3,3,1,9,2,3,1
2020-02-19,발생,72842,3,1,1,0,0,0,0,0,0,0,0,0,0,0,0,0,0,0,0,0,0,0,0,0,0,0,0,0,0,0,0,0,0,0,0,0,0,0,0,0,0,0,0,0,0,0,0,0,0,0,0,0,0,0,0,0,0,0,0,0,0,0,0,0,0,0,0,0,0,0,0,0,0,0,0,0,0,0,0,0,0,0,0,0,0,0,0,0,0,0,0,0,0,0,0,0,0,0,0,0,0,0,0,0,0,0,0,0,0,0,0,0,0,0,0,0,0,0,0,0,0,0,0,0,0,0,0,0,0,0,0,0,0,0,0,0,0,0,0,0,0,0,72436,35,59,15,22,10,60,16,77,1,12,22,15,1,8,1,16,9,3,3,1,9,2,3,1
2020-02-20,발생,74609,3,1,1,0,0,0,0,0,0,0,0,0,0,0,0,0,0,0,0,0,0,0,0,0,0,0,0,0,0,0,0,0,0,0,0,0,0,0,0,0,0,0,0,0,0,0,0,0,0,0,0,0,0,0,0,0,0,0,0,0,0,0,0,0,0,0,0,0,0,0,0,0,0,0,0,0,0,0,0,0,0,0,0,0,0,0,0,0,0,0,0,0,0,0,0,0,0,0,0,0,0,0,0,0,0,0,0,0,0,0,0,0,0,0,0,0,0,0,0,0,0,0,0,0,0,0,0,0,0,0,0,0,0,0,0,0,0,0,0,0,0,0,74185,35,73,15,22,10,60,16,81,1,12,22,15,1,8,1,16,9,3,3,1,9,2,3,1
2020-02-21,발생,75008,3,1,1,0,0,0,0,0,0,0,0,0,0,0,0,0,0,0,0,0,0,0,0,0,0,0,0,0,0,0,0,0,0,0,0,0,0,0,0,0,0,0,0,0,0,0,0,0,0,0,0,0,0,0,0,0,0,0,0,0,0,0,0,0,0,0,0,0,0,0,0,0,0,0,0,0,0,0,0,0,0,0,0,0,0,0,0,0,0,0,0,0,0,0,0,0,0,0,0,0,0,0,0,0,0,0,0,0,0,0,0,0,0,0,0,0,0,0,0,0,0,0,0,0,0,0,0,0,0,0,0,0,0,0,0,0,0,0,0,0,0,0,74576,35,73,15,22,10,65,16,84,1,12,22,15,1,8,1,16,9,3,3,1,9,2,3,1
2020-02-22,발생,75926,3,1,1,2,0,0,0,0,0,0,0,0,0,0,0,0,0,0,0,0,0,0,0,0,0,0,0,0,0,0,0,0,0,0,0,0,0,0,0,0,0,0,0,0,0,0,0,0,0,0,0,0,0,0,0,0,0,0,0,0,0,0,0,0,0,0,0,0,0,0,0,0,0,0,0,0,0,0,0,0,0,0,0,0,0,0,0,0,0,0,0,0,0,0,0,0,0,0,0,0,0,0,0,0,0,0,0,0,0,0,0,0,0,0,0,0,0,0,0,0,0,0,0,0,0,0,0,0,0,0,0,0,0,0,0,0,0,0,0,0,0,0,75465,35,93,15,24,10,69,16,85,1,12,22,15,1,8,1,16,9,3,3,1,9,2,3,1
2020-02-23,발생,77503,3,1,1,18,1,1,0,0,0,0,0,0,0,0,0,0,0,0,0,0,0,0,0,0,0,0,0,0,0,0,0,0,0,0,0,0,0,0,0,0,0,0,0,0,0,0,0,0,0,0,0,0,0,0,0,0,0,0,0,0,0,0,0,0,0,0,0,0,0,0,0,0,0,0,0,0,0,0,0,0,0,0,0,0,0,0,0,0,0,0,0,0,0,0,0,0,0,0,0,0,0,0,0,0,0,0,0,0,0,0,0,0,0,0,0,0,0,0,0,0,0,0,0,0,0,0,0,0,0,0,0,0,0,0,0,0,0,0,0,0,0,0,76936,35,133,35,26,10,70,16,86,1,12,22,21,1,8,1,16,11,3,3,1,9,2,19,1
2020-02-24,발생,77901,3,1,1,43,1,1,0,0,0,0,0,0,0,0,0,0,0,0,0,0,0,0,0,0,0,0,0,0,0,0,0,0,0,0,0,0,0,0,0,0,0,0,0,0,0,0,0,0,0,0,0,0,0,0,0,0,0,0,0,0,0,0,0,0,0,0,0,0,0,0,0,0,0,0,0,0,0,0,0,0,0,0,0,0,0,0,0,0,0,0,0,0,0,0,0,0,0,0,0,0,0,0,0,0,0,0,0,0,0,0,0,0,0,0,0,0,0,0,0,0,0,0,0,0,0,0,0,0,0,0,0,0,0,0,0,0,0,0,0,0,0,0,77150,35,144,35,26,10,74,16,89,1,12,22,22,1,9,1,16,13,3,3,1,9,2,156,1
2020-02-25,발생,78509,3,1,1,43,1,1,3,0,0,0,0,0,0,0,0,0,0,0,0,0,0,0,0,0,0,0,0,0,0,0,0,0,0,0,0,0,0,0,0,0,0,0,0,0,0,0,0,0,0,0,0,0,0,0,0,0,0,0,0,0,0,0,0,0,0,0,0,0,0,0,0,0,0,0,0,0,0,0,0,0,0,0,0,0,0,0,0,0,0,0,0,0,0,0,0,0,0,0,0,0,0,0,0,0,0,0,0,0,0,0,0,0,0,0,0,0,0,0,0,0,0,0,0,0,0,0,0,0,0,0,0,0,0,0,0,0,0,0,0,0,0,0,77658,35,156,35,30,10,81,16,90,1,12,22,22,1,9,1,16,13,3,3,1,9,2,229,1
2020-02-26,발생,79084,4,1,1,61,1,2,8,1,8,2,1,0,0,0,0,0,0,0,0,0,0,0,0,0,0,0,0,0,0,0,0,0,0,0,0,0,0,0,0,0,0,0,0,0,0,0,0,0,0,0,0,0,0,0,0,0,0,0,0,0,0,0,0,0,0,0,0,0,0,0,0,0,0,0,0,0,0,0,0,0,0,0,0,0,0,0,0,0,0,0,0,0,0,0,0,0,0,0,0,0,0,0,0,0,0,0,0,0,0,0,0,0,0,0,0,0,0,0,0,0,0,0,0,0,0,0,0,0,0,0,0,0,0,0,0,0,0,0,0,0,0,0,78064,37,164,53,31,10,85,16,91,1,12,22,22,1,10,1,16,13,3,3,1,13,2,322,1
2020-02-27,발생,79769,10,1,1,139,2,2,26,1,26,4,5,1,1,2,2,1,0,0,0,0,0,0,0,0,0,0,0,0,0,0,0,0,0,0,0,0,0,0,0,0,0,0,0,0,0,0,0,0,0,0,0,0,0,0,0,0,0,0,0,0,0,0,0,0,0,0,0,0,0,0,0,0,0,0,0,0,0,0,0,0,0,0,0,0,0,0,0,0,0,0,0,0,0,0,0,0,0,0,0,0,0,0,0,0,0,0,0,0,0,0,0,0,0,0,0,0,0,0,0,0,0,0,0,0,0,0,0,0,0,0,0,0,0,0,0,0,0,0,0,0,0,0,78497,40,186,53,32,10,91,16,93,1,14,22,23,1,11,1,18,13,3,3,1,13,2,400,1
2020-02-28,발생,80432,14,1,1,141,2,2,43,1,33,4,6,1,1,2,3,1,2,1,1,1,1,1,1,1,0,0,0,0,0,0,0,0,0,0,0,0,0,0,0,0,0,0,0,0,0,0,0,0,0,0,0,0,0,0,0,0,0,0,0,0,0,0,0,0,0,0,0,0,0,0,0,0,0,0,0,0,0,0,0,0,0,0,0,0,0,0,0,0,0,0,0,0,0,0,0,0,0,0,0,0,0,0,0,0,0,0,0,0,0,0,0,0,0,0,0,0,0,0,0,0,0,0,0,0,0,0,0,0,0,0,0,0,0,0,0,0,0,0,0,0,0,0,78824,40,210,59,32,10,93,16,96,1,18,22,23,1,12,1,21,13,3,3,2,13,2,650,2
2020-02-29,발생,81537,26,1,1,388,3,9,45,1,36,6,8,1,8,5,3,1,2,2,1,1,1,1,1,1,1,2,1,1,1,1,1,1,1,0,0,0,0,0,0,0,0,0,0,0,0,0,0,0,0,0,0,0,0,0,0,0,0,0,0,0,0,0,0,0,0,0,0,0,0,0,0,0,0,0,0,0,0,0,0,0,0,0,0,0,0,0,0,0,0,0,0,0,0,0,0,0,0,0,0,0,0,0,0,0,0,0,0,0,0,0,0,0,0,0,0,0,0,0,0,0,0,0,0,0,0,0,0,0,0,0,0,0,0,0,0,0,0,0,0,0,0,0,79251,41,230,69,34,10,94,16,96,1,57,24,25,1,15,1,62,19,3,3,2,20,2,888,11
2020-03-01,발생,82464,34,1,1,388,3,7,45,1,38,6,8,1,18,10,6,1,2,3,1,3,4,1,7,3,3,2,1,1,6,1,1,1,1,1,0,0,0,0,0,0,0,0,0,0,0,0,0,0,0,0,0,0,0,0,0,0,0,0,0,0,0,0,0,0,0,0,0,0,0,0,0,0,0,0,0,0,0,0,0,0,0,0,0,0,0,0,0,0,0,0,0,0,0,0,0,0,0,0,0,0,0,0,0,0,0,0,0,0,0,0,0,0,0,0,0,0,0,0,0,0,0,0,0,0,0,0,0,0,0,0,0,0,0,0,0,0,0,0,0,0,0,0,79824,42,239,69,39,10,95,16,102,1,100,24,25,1,15,1,57,19,3,3,3,23,2,1128,13
2020-03-02,발생,83879,59,1,1,978,10,7,46,1,47,6,13,1,18,10,7,1,4,3,1,3,7,1,15,3,3,2,1,1,7,1,1,1,1,1,3,1,1,1,1,0,0,0,0,0,0,0,0,0,0,0,0,0,0,0,0,0,0,0,0,0,0,0,0,0,0,0,0,0,0,0,0,0,0,0,0,0,0,0,0,0,0,0,0,0,0,0,0,0,0,0,0,0,0,0,0,0,0,0,0,0,0,0,0,0,0,0,0,0,0,0,0,0,0,0,0,0,0,0,0,0,0,0,0,0,0,0,0,0,0,0,0,0,0,0,0,0,0,0,0,0,0,0,80026,42,254,69,40,10,100,16,106,1,100,24,26,1,20,1,129,21,3,3,3,23,2,1577,13
2020-03-03,발생,85261,85,1,2,1501,10,7,56,1,47,6,19,2,30,18,7,1,4,5,1,3,7,1,25,3,3,5,6,1,18,1,1,1,1,1,3,1,1,1,1,2,1,3,2,1,1,0,0,0,0,0,0,0,0,0,0,0,0,0,0,0,0,0,0,0,0,0,0,0,0,0,0,0,0,0,0,0,0,0,0,0,0,0,0,0,0,0,0,0,0,0,0,0,0,0,0,0,0,0,0,0,0,0,0,0,0,0,0,0,0,0,0,0,0,0,0,0,0,0,0,0,0,0,0,0,0,0,0,0,0,0,0,0,0,0,0,0,0,0,0,0,0,0,80151,42,268,69,41,10,101,16,108,1,191,24,29,1,24,1,157,21,3,3,6,43,3,2036,15
2020-03-04,발생,86664,121,8,2,2336,13,10,56,1,49,12,26,2,30,18,9,5,5,5,1,3,7,1,25,3,3,5,9,1,18,1,9,2,1,1,8,6,1,1,1,2,1,3,2,1,1,1,1,1,0,0,0,0,0,0,0,1,0,0,0,0,0,0,0,0,0,0,0,0,0,0,0,0,0,0,0,0,0,0,0,0,0,0,0,0,0,0,0,0,0,0,0,0,0,0,0,0,0,0,0,0,0,0,0,0,0,0,0,0,0,0,0,0,0,0,0,0,0,0,0,0,0,0,0,0,0,0,0,0,0,0,0,0,0,0,0,0,0,0,0,0,0,0,80270,43,284,91,42,10,101,16,110,1,212,29,33,1,27,1,196,21,5,3,7,51,3,2263,15
2020-03-05,발생,88566,166,8,2,2922,13,15,56,1,52,15,32,2,37,27,9,5,5,8,2,3,7,1,33,4,3,5,16,1,28,6,16,2,1,1,8,7,1,1,2,2,1,5,5,1,1,1,1,1,1,1,1,1,0,0,0,1,0,0,0,0,0,0,0,0,0,0,0,0,0,0,0,0,0,0,0,0,0,0,0,0,0,0,0,0,0,0,0,0,0,0,0,0,0,0,0,0,0,0,0,0,0,0,0,0,0,0,0,0,0,0,0,0,0,0,0,0,0,0,0,0,0,0,0,0,0,0,0,0,0,0,0,0,0,0,0,0,0,0,0,0,0,0,80409,43,317,142,42,10,105,16,112,1,212,50,43,1,30,1,240,27,6,3,7,89,3,3087,24
2020-03-06,발생,90717,228,23,3,3513,16,15,58,1,52,16,36,3,57,37,9,12,5,10,2,3,9,1,56,4,3,5,26,1,38,6,16,3,1,1,8,10,1,1,6,2,1,8,7,1,1,1,1,2,1,3,1,1,2,1,1,4,0,0,0,0,0,0,0,0,0,0,0,0,0,0,0,0,0,0,0,0,0,0,0,0,0,0,0,0,0,0,0,0,0,0,0,0,0,0,0,0,0,0,0,0,0,0,0,0,0,0,0,0,0,0,0,0,0,0,0,0,0,0,0,0,0,0,0,0,0,0,0,0,0,0,0,0,0,0,0,0,0,0,0,0,0,0,80552,47,349,158,42,10,105,16,117,1,377,50,47,1,33,1,400,28,29,3,7,115,3,3858,35
2020-03-07,발생,94155,282,109,15,4747,16,19,58,1,56,16,38,7,180,47,11,12,6,23,10,9,32,3,113,7,9,5,26,1,128,6,24,4,1,1,11,13,1,1,14,2,1,12,13,1,1,1,1,2,1,1,5,1,4,9,1,4,1,1,1,0,0,0,0,0,0,0,0,0,0,0,0,0,0,0,0,0,0,0,0,0,0,0,0,0,0,0,0,0,0,0,0,0,0,0,0,0,0,0,0,0,0,0,0,0,0,0,0,0,0,0,0,0,0,0,0,0,0,0,0,0,0,0,0,0,0,0,0,0,0,0,0,0,0,0,0,0,0,0,0,0,0,0,80651,47,408,213,45,10,108,16,130,1,613,55,57,1,45,1,639,29,30,5,19,167,3,4636,101
2020-03-08,발생,97459,401,109,15,5823,22,19,61,4,63,16,54,13,209,66,11,17,6,23,10,9,32,3,113,7,9,5,45,1,128,6,24,5,1,1,12,14,2,1,18,2,1,12,13,1,1,1,1,2,2,5,5,1,5,9,1,4,1,2,1,1,1,1,1,0,0,0,0,0,0,0,0,0,0,0,0,0,0,0,0,0,0,0,0,0,0,0,0,0,0,0,0,0,0,0,0,0,0,0,0,0,0,0,0,0,0,0,0,0,0,0,0,0,0,0,0,0,0,0,0,0,0,0,0,0,0,0,0,0,0,0,0,0,0,0,0,0,0,0,0,0,0,0,80695,48,455,213,45,10,110,17,138,1,949,83,62,1,51,1,795,45,31,5,19,206,7,5883,137
2020-03-09,발생,100974,525,169,49,6566,28,19,64,4,79,16,61,19,264,104,11,17,6,31,10,12,66,3,147,13,9,7,53,1,188,6,27,5,1,1,12,14,2,1,19,4,1,26,21,1,1,1,1,2,9,5,6,1,7,12,1,4,1,2,2,1,6,3,1,2,5,2,3,1,0,0,0,0,0,0,0,0,0,0,0,0,0,0,0,0,0,0,0,0,0,0,0,0,0,0,0,0,0,0,0,0,0,0,0,0,0,0,0,0,0,0,0,0,0,0,0,0,0,0,0,0,0,0,0,0,0,0,0,0,0,0,0,0,0,0,0,0,0,0,0,0,0,0,80735,50,488,537,45,10,115,21,149,1,1126,93,75,2,57,1,847,45,34,6,23,210,7,7375,161
2020-03-10,발생,104579,674,200,55,7161,41,39,65,4,109,18,61,25,332,112,11,20,6,36,10,13,73,3,169,15,9,7,55,1,265,6,37,5,2,1,18,15,2,1,21,6,1,32,30,3,1,1,3,2,12,10,11,1,9,16,1,4,1,2,3,1,6,5,1,4,9,4,3,1,3,1,2,0,0,0,0,0,0,0,0,0,0,0,0,0,0,0,0,0,0,0,0,0,0,0,0,0,0,0,0,0,0,0,0,0,0,0,0,0,0,0,0,0,0,0,0,0,0,0,0,0,0,0,0,0,0,0,0,0,0,0,0,0,0,0,0,0,0,0,0,0,0,0,80754,50,514,605,45,10,116,30,160,1,1191,93,77,2,62,1,1139,59,43,10,30,319,7,9172,203
2020-03-11,발생,108733,1231,239,59,8042,41,39,69,7,110,18,61,25,332,131,12,20,16,156,10,15,89,7,192,15,9,7,55,1,321,6,49,5,2,1,24,15,5,1,24,19,5,38,30,7,1,1,5,3,12,13,16,1,9,23,1,4,1,2,7,3,9,7,1,4,9,4,4,1,3,1,2,1,1,1,2,0,0,0,0,0,0,0,0,0,0,0,0,0,0,0,0,0,0,0,0,0,0,0,0,0,0,0,0,0,0,0,0,0,0,0,0,0,0,0,0,0,0,0,0,0,0,0,0,0,0,0,0,0,0,0,0,0,0,0,0,0,0,0,0,0,0,0,80778,53,568,959,47,10,121,31,166,1,1784,117,92,2,77,1,1296,74,44,33,40,323,7,10149,248
2020-03-12,발생,115083,1695,267,60,9000,61,75,72,7,189,18,70,34,613,182,16,20,19,262,13,23,89,7,277,25,9,7,61,1,382,9,63,5,2,1,262,15,5,1,34,27,5,61,41,8,1,1,5,5,17,17,22,1,13,31,1,4,12,2,7,3,11,7,1,8,13,10,4,3,3,8,10,1,1,8,2,2,1,2,0,0,0,0,0,0,0,0,0,0,0,0,0,0,0,0,0,0,0,0,0,0,0,0,0,0,0,0,0,0,0,0,0,0,0,0,0,0,0,0,0,0,0,0,0,0,0,0,0,0,0,0,0,0,0,0,0,0,0,0,0,0,0,0,80793,59,620,1220,48,10,130,35,178,1,2281,129,112,2,93,1,1567,74,60,49,40,456,7,12462,326
2020-03-13,발생,123741,2277,399,80,10075,66,99,80,7,195,19,70,52,858,361,16,25,20,674,13,25,133,7,489,48,11,11,70,1,614,12,67,5,2,3,262,17,17,1,70,34,5,116,41,16,1,1,7,6,19,23,49,3,16,57,4,4,19,2,13,9,17,21,1,8,13,10,9,4,3,8,23,12,1,10,6,2,1,2,2,1,1,0,0,0,0,0,0,0,0,0,0,0,0,0,0,0,0,0,0,0,0,0,0,0,0,0,0,0,0,0,0,0,0,0,0,0,0,0,0,0,0,0,0,0,0,0,0,0,0,0,0,0,0,0,0,0,0,0,0,0,0,0,80801,70,675,1663,49,10,131,39,187,1,2876,129,112,3,93,2,2369,85,73,52,109,594,34,15113,620
2020-03-14,발생,132477,3146,559,80,11364,77,126,100,7,210,19,70,77,1125,504,31,25,21,801,79,25,133,9,750,64,11,12,126,2,804,21,77,5,2,6,262,17,17,8,90,34,5,116,112,17,2,1,7,7,31,33,49,3,19,57,4,10,19,2,17,9,22,32,1,8,22,10,9,8,3,8,23,12,1,14,14,3,1,2,2,1,1,0,0,0,3,1,0,0,0,0,1,0,0,0,0,0,0,0,0,0,0,0,0,0,0,0,0,0,0,0,0,0,0,0,0,0,0,0,0,0,0,0,0,0,0,0,0,0,0,0,0,0,0,0,0,0,0,0,0,0,0,0,80824,75,716,2034,50,10,137,39,200,1,3661,129,140,3,138,3,3062,85,74,52,155,802,34,17660,775
2020-03-15,발생,142881,5232,559,93,12729,93,126,104,10,211,20,85,98,1189,504,31,26,28,801,79,25,133,9,750,64,11,26,126,2,804,21,77,6,2,6,337,23,38,8,90,69,5,150,112,17,2,1,16,17,34,43,64,3,19,141,4,10,31,2,17,16,28,32,1,9,23,10,12,8,3,8,33,25,1,27,14,3,7,2,2,5,1,0,0,0,4,6,2,0,0,0,1,1,1,1,1,1,0,0,0,0,0,0,0,0,0,0,0,0,0,0,0,0,0,0,0,0,0,0,0,0,0,0,0,0,0,0,0,0,0,0,0,0,0,0,0,0,0,0,0,0,0,0,80844,75,780,2726,53,10,142,48,212,1,4499,197,197,7,176,6,3795,85,82,64,155,1140,34,21157,775
2020-03-16,발생,154005,6391,689,110,13938,99,178,112,16,214,22,110,121,1563,800,37,37,31,827,79,30,228,13,907,123,19,41,138,2,959,21,92,6,2,9,337,23,38,8,129,117,5,214,112,30,2,6,18,28,45,61,111,3,32,141,4,21,41,3,38,24,43,44,1,10,23,43,12,12,3,8,38,40,1,27,21,3,8,3,2,5,3,0,0,0,4,1,2,0,0,0,1,1,1,2,1,1,0,0,0,0,0,0,0,0,0,0,0,0,0,0,0,0,0,0,0,0,0,0,0,0,0,0,0,0,0,0,0,0,0,0,0,0,0,0,0,0,0,0,0,0,0,0,80860,75,814,3244,67,10,149,53,212,1,5423,238,249,7,244,11,4838,86,107,111,210,1372,34,24747,924
2020-03-17,발생,167979,7988,1085,126,14991,99,250,123,21,221,22,124,200,2200,1016,49,49,53,914,205,33,352,19,1169,158,19,53,180,9,1413,36,102,6,2,17,439,37,38,30,169,117,5,298,245,34,14,16,20,29,56,75,156,3,39,219,7,26,46,3,51,24,71,72,1,13,23,51,21,23,5,8,51,50,1,43,33,11,10,3,2,5,3,0,4,0,4,4,2,4,1,0,1,1,1,2,1,1,0,0,0,0,0,0,0,0,0,0,0,0,0,0,0,0,0,0,0,0,0,0,0,0,0,0,0,0,0,0,0,0,0,0,0,0,0,0,0,0,0,0,0,0,0,0,80881,114,824,4464,67,11,157,57,243,1,6633,553,298,12,304,19,6012,98,114,140,272,1547,93,27980,1059
2020-03-18,발생,183699,9942,1085,166,16169,120,260,130,22,237,24,154,234,2650,1132,56,60,187,960,205,33,352,19,1169,158,19,53,199,9,1705,36,102,11,2,17,439,58,81,52,223,172,21,383,331,36,14,35,24,38,65,156,156,7,50,253,7,27,70,5,62,45,86,72,1,13,41,67,30,29,8,9,51,50,4,69,33,11,10,20,8,47,6,6,4,1,5,4,33,6,1,1,1,5,1,6,1,3,2,1,1,1,7,1,1,0,0,0,0,0,0,0,0,0,0,0,0,0,0,0,0,0,0,0,0,0,0,0,0,0,0,0,0,0,0,0,0,0,0,0,0,0,0,0,80894,177,873,6233,77,11,168,61,266,1,7730,553,375,24,424,29,9257,98,137,187,272,1950,93,31506,1059
2020-03-19,발생,202264,11826,1486,196,17361,133,304,142,22,256,33,164,291,3003,1646,81,60,241,1044,258,38,387,36,1423,246,34,93,250,9,1705,46,109,20,8,26,442,58,203,84,292,227,21,464,642,71,39,52,29,49,79,201,246,21,58,275,25,31,96,10,85,65,86,105,1,13,50,92,48,30,10,11,59,56,5,86,58,12,12,20,9,98,6,36,16,1,7,4,36,29,6,1,1,6,3,7,1,4,2,1,3,1,8,1,3,2,1,0,0,0,0,0,0,0,0,0,0,0,0,0,0,0,0,0,0,0,0,0,0,0,0,0,0,0,0,0,0,0,0,0,0,0,0,0,80928,212,914,7769,100,15,192,66,313,1,9134,673,510,35,569,42,12327,113,151,187,359,2626,147,35713,1279
2020-03-20,발생,225402,14769,1486,210,18407,149,529,148,22,269,39,177,428,3438,1646,81,60,302,1132,258,38,418,48,1423,260,34,118,250,9,2051,46,109,20,8,26,452,168,210,84,292,227,34,522,642,86,39,56,39,61,97,342,287,21,73,286,25,36,96,10,116,108,155,105,1,13,69,94,53,36,10,11,70,68,5,109,58,15,15,26,12,191,6,46,23,1,11,5,36,79,7,3,2,6,3,7,1,7,2,3,3,1,11,2,3,10,1,1,2,2,3,0,0,0,0,0,0,0,0,0,0,0,0,0,0,0,0,0,0,0,0,0,0,0,0,0,0,0,0,0,0,0,0,0,80967,212,950,13159,108,15,209,76,345,1,10995,900,510,35,690,42,15320,140,165,202,359,3269,199,41035,1279
2020-03-21,발생,253305,18077,1795,256,19644,163,705,159,24,285,48,193,428,4840,1843,81,82,302,1132,267,38,418,48,1552,260,34,118,335,9,2460,46,126,39,12,36,460,199,345,122,557,309,34,694,785,86,75,69,54,74,97,342,325,16,73,319,25,38,123,15,150,108,234,123,9,13,87,94,53,49,17,11,70,73,6,109,58,15,15,40,12,191,9,46,21,1,11,5,36,79,9,3,2,9,3,11,2,7,1,3,4,1,11,2,6,10,1,1,2,7,1,3,1,1,1,0,0,0,0,0,0,0,0,0,0,0,0,0,0,0,0,0,0,0,0,0,0,0,0,0,0,0,0,0,81008,322,1007,18563,135,17,256,85,385,1,12612,1030,709,47,736,59,19848,140,195,217,369,3983,199,47021,1423
2020-03-22,발생,282271,21571,2257,285,20610,206,712,176,24,306,52,214,621,6113,2649,126,94,302,1255,283,43,495,70,1742,308,44,164,409,12,2994,57,151,53,12,69,470,367,484,136,683,369,72,904,1020,111,75,84,60,86,128,434,425,26,85,341,34,38,135,22,205,145,234,137,9,13,113,127,64,66,17,13,70,78,6,137,67,16,16,40,24,670,9,53,33,1,16,5,36,94,12,4,2,9,3,16,2,7,1,3,4,1,11,2,6,14,1,1,5,12,1,6,1,1,1,1,2,1,1,1,0,0,0,0,0,0,0,0,0,0,0,0,0,0,0,0,0,0,0,0,0,0,0,0,81054,322,1046,24148,153,18,274,91,432,1,14459,1030,873,51,846,59,22213,153,195,217,450,5018,253,53578,1623
2020-03-23,발생,312927,25496,2815,294,21638,248,883,188,34,334,55,233,904,7014,3024,206,94,646,1326,306,49,530,85,1926,367,53,164,473,18,3631,76,151,66,22,105,481,506,670,160,785,450,72,995,1280,124,88,99,75,109,158,434,536,47,131,383,36,56,173,27,240,196,318,178,15,13,113,163,73,80,24,13,76,84,10,137,84,16,16,72,24,947,9,56,33,3,16,5,36,94,12,4,2,9,3,19,2,7,3,4,6,1,17,3,6,14,1,1,5,12,1,14,2,1,1,1,2,1,2,1,3,2,1,1,0,0,0,0,0,0,0,0,0,0,0,0,0,0,0,0,0,0,0,0,81093,411,1089,33073,169,22,317,94,455,1,16018,1183,1081,53,1048,72,23974,153,283,307,521,5683,306,59138,1746
2020-03-24,발생,351800,29909,3401,327,23049,267,1071,189,40,339,66,266,904,8060,3631,235,201,784,1395,326,54,624,114,2132,433,65,251,568,23,4204,76,151,102,22,143,494,532,798,190,906,514,72,1165,1600,139,113,112,89,134,225,632,634,47,167,414,46,67,188,40,274,196,318,185,16,13,117,185,90,94,27,22,89,88,10,245,95,24,19,75,26,1236,26,0,46,3,16,5,70,135,18,4,2,11,6,24,2,15,0,0,0,0,17,3,12,21,3,1,5,12,1,14,2,1,1,1,2,1,2,1,12,2,1,1,0,0,1,0,1,0,0,0,31,1,0,0,0,0,0,0,0,0,0,0,81171,721,1128,43214,195,25,356,113,455,1,19856,1306,1396,84,1384,82,29056,198,415,380,626,6650,438,63927,1906
2020-03-25,발생,391046,35480,3743,366,24811,304,1238,191,42,390,84,316,1546,8836,4486,306,231,887,1460,352,67,695,136,2371,576,72,370,588,23,4749,81,187,102,22,179,501,790,875,235,1125,579,245,1236,2060,180,164,127,114,143,266,746,749,84,187,442,46,79,249,72,402,277,395,191,18,13,158,201,107,109,33,22,123,91,10,345,116,27,19,99,30,1529,25,0,46,3,40,5,70,162,20,4,3,11,6,27,4,16,0,0,0,0,36,3,12,22,3,3,17,36,1,16,3,3,2,1,6,1,2,1,13,2,1,9,2,0,1,0,1,1,1,0,61,1,0,0,0,0,0,0,0,0,0,0,81218,827,1193,53268,216,29,386,123,509,2,22302,1518,1709,87,1432,97,32986,248,434,462,700,8077,438,69170,2016
2020-03-26,발생,436888,42058,4269,442,27017,333,2170,195,75,419,99,346,2201,9765,5282,382,264,991,1591,369,73,743,148,2566,762,87,370,648,23,5560,81,187,189,42,209,526,1049,1099,265,1329,686,312,1394,2362,197,188,153,173,170,301,922,901,113,226,480,47,86,303,72,554,306,416,204,20,13,177,220,120,125,39,27,146,104,10,345,124,28,21,114,30,1872,72,0,50,3,48,5,77,162,21,4,3,12,6,53,4,25,0,0,0,0,40,3,12,29,12,5,18,42,2,42,4,3,2,1,7,1,2,1,19,2,1,9,3,2,1,0,1,1,2,0,63,3,0,0,0,0,0,0,0,0,0,0,81285,934,1291,65285,235,30,410,134,631,2,25233,1624,2252,91,1739,102,37323,333,562,552,792,9529,658,74386,2272
2020-03-27,발생,495851,50105,4937,456,29406,368,2369,208,80,457,109,382,2433,10714,5888,418,264,1057,1724,404,77,821,177,2916,906,93,478,737,23,6412,86,208,262,46,274,537,1211,1333,290,1564,790,392,1654,2995,221,213,172,173,225,387,1142,1051,156,261,528,51,99,384,70,709,470,480,216,23,13,201,242,129,149,39,41,174,109,10,558,132,39,26,146,52,2433,80,97,65,3,57,5,91,217,24,5,3,12,6,68,4,25,5,4,6,4,41,3,13,52,12,13,18,47,2,44,5,3,2,1,8,1,2,2,19,2,4,14,3,2,5,1,1,2,7,2,72,5,2,2,0,0,0,0,0,0,0,0,81340,934,1387,83507,252,33,453,141,683,3,29155,1796,2799,96,3409,102,43938,333,649,636,880,10658,840,80539,2510
2020-03-28,발생,558352,57786,6235,495,32332,391,3035,225,91,466,131,458,2433,12161,7029,495,305,1197,1877,538,81,892,201,3156,1029,122,478,802,19,7431,86,218,338,65,299,549,1211,1453,329,1819,893,488,2062,3544,244,231,212,277,275,502,1306,1221,218,300,577,56,105,457,75,927,470,580,226,24,13,201,264,134,177,48,41,186,114,11,558,146,39,26,146,52,3629,80,125,83,3,67,5,91,217,24,5,3,12,6,132,5,25,5,4,6,6,50,3,13,67,13,13,18,81,2,58,5,5,10,1,8,1,3,3,24,2,6,14,5,6,5,1,7,2,11,2,79,5,2,2,0,0,0,0,0,0,0,0,81394,1136,1499,101657,267,34,518,153,732,3,32964,2031,2985,98,3555,106,50871,333,724,707,958,14543,1036,86498,2806
2020-03-29,발생,626386,65719,7284,536,35408,412,3460,235,106,473,152,506,2915,13213,7697,586,367,1408,2046,575,85,966,219,3581,1292,147,589,890,19,9762,94,288,416,65,358,562,1595,1605,372,2121,1046,581,2279,4268,280,289,235,227,358,589,1610,1389,311,343,632,60,119,528,75,1170,491,580,295,25,13,231,293,139,0,48,52,197,115,11,674,162,61,26,146,67,5698,92,204,104,3,80,5,106,238,25,9,5,16,7,137,8,25,6,19,6,9,54,3,13,70,15,13,24,13,96,58,5,5,10,1,8,1,5,5,26,2,6,14,5,6,5,1,7,2,11,2,88,7,2,9,0,0,0,0,0,0,0,0,81439,1136,1693,121117,283,37,582,169,802,3,37575,2161,3635,104,5425,106,57695,468,724,803,1025,17089,1264,92472,3046
2020-03-30,발생,688061,73232,9134,576,38309,438,3865,255,114,499,167,547,3417,14336,8291,657,409,1526,2201,640,90,1061,241,3845,1452,164,717,963,19,10866,94,228,476,65,394,590,1823,1831,424,2415,1155,581,2663,5170,305,321,246,278,450,690,1939,1638,418,408,691,61,119,659,91,1187,539,635,295,29,16,263,331,139,231,48,56,212,120,12,786,179,74,30,146,67,7402,140,265,133,3,119,5,113,274,32,10,5,16,7,137,8,25,6,19,6,9,60,3,14,82,19,19,24,16,102,84,5,5,10,1,8,1,5,5,26,2,6,14,8,6,9,3,7,2,11,2,91,8,2,9,1299,7,74,3,269,0,0,0,81470,1388,1866,139675,298,38,641,179,844,5,40174,2320,3966,102,6258,106,62095,468,979,1075,1218,19522,1534,97689,3447
2020-03-31,발생,753135,80110,11899,609,41495,446,4247,266,114,515,179,547,3904,15475,8813,713,454,1625,2395,679,98,1156,259,4102,1760,190,848,1020,46,11750,94,229,552,65,484,634,1835,1950,482,2615,1285,581,2829,5962,376,341,259,312,516,745,1909,1862,480,447,730,62,142,741,113,1280,608,671,336,28,17,295,346,151,263,49,59,223,126,12,901,214,74,32,222,110,10827,165,294,145,3,119,5,113,303,34,10,6,21,7,152,16,25,6,19,13,9,70,3,14,85,26,24,26,16,102,84,5,5,20,1,15,1,5,5,37,2,6,33,8,8,9,8,7,2,11,4,94,8,2,18,1453,7,76,4,325,0,0,0,81518,1524,1953,161807,306,39,682,188,879,5,44550,2470,3966,103,7424,120,66885,611,1071,1418,1218,22141,1534,101739,3700
2020-04-01,발생,823554,87956,12775,656,44606,463,4831,289,166,567,192,630,4256,16176,9974,790,511,1865,2577,715,103,1212,285,4226,1952,273,993,1086,49,12595,94,230,600,111,484,693,1962,1988,482,2910,1414,901,3002,6408,376,370,268,362,574,820,2449,2055,549,447,763,64,162,785,139,1326,702,852,336,34,17,314,359,156,298,49,64,223,127,12,989,230,97,36,246,139,13531,169,312,149,3,170,8,129,309,36,14,7,23,7,152,16,38,6,19,14,9,70,3,19,91,31,30,33,35,107,107,5,5,20,1,15,1,5,5,46,2,6,33,10,8,10,8,9,3,11,2,106,8,2,18,1563,7,82,9,359,0,0,0,81554,1524,2178,186265,322,41,714,203,926,5,52128,2626,4359,107,8548,120,71690,664,1071,1546,1313,25150,1837,105792,4028
2020-04-02,발생,898502,95923,13964,710,47593,479,5129,317,192,569,210,694,4579,17139,10482,867,584,2039,2860,745,115,1314,329,4447,2245,298,1094,1135,52,13614,152,236,647,111,533,781,2240,2178,532,3235,1528,1109,3308,7443,398,376,274,394,638,966,2738,2311,669,492,814,68,175,900,139,1353,798,1065,363,34,18,314,399,167,353,54,65,243,129,12,989,262,107,36,261,139,15679,169,348,173,5,186,12,129,320,36,14,7,26,7,152,16,50,6,19,14,9,75,3,19,105,34,30,33,35,143,111,5,7,20,1,15,1,5,8,53,7,6,33,15,9,10,10,9,3,11,8,112,8,9,18,1720,7,85,9,413,1,0,0,81589,1771,2384,213372,329,41,766,207,1000,5,56989,2766,4707,109,9017,143,77872,664,1636,2084,1384,29474,2337,110574,4435
2020-04-03,발생,974475,104118,15348,779,50468,494,5591,342,235,635,231,772,5717,18267,10967,963,847,2291,3107,779,121,1375,354,4665,2460,359,1215,1220,37,14697,192,236,723,139,581,835,2372,2319,571,3447,1677,1284,3589,8251,446,396,278,455,676,1054,3031,2554,804,525,841,72,190,1060,139,1380,906,1323,400,36,18,347,422,188,423,54,69,277,131,14,1181,320,115,38,261,172,18135,190,386,190,5,212,19,143,338,39,15,7,26,7,195,30,81,8,22,14,9,82,6,20,120,41,32,33,36,154,115,5,7,74,1,16,1,5,8,53,8,15,44,15,10,10,10,9,3,11,8,125,10,9,28,1885,7,89,13,464,2,0,0,81620,1771,2617,242182,339,41,802,218,1049,5,59105,2766,4976,109,10132,143,84788,814,1636,2311,1446,33718,2777,115242,4947
2020-04-04,발생,1058963,112065,16770,865,53183,508,6211,417,269,672,252,820,6836,19303,11383,1011,986,2450,3386,858,148,1514,384,4935,2738,400,1378,1319,37,15723,254,245,774,174,649,1075,3163,2487,640,3849,1790,1380,3858,9034,458,429,299,495,735,1133,3404,2946,987,585,897,75,195,1171,246,1462,1065,1323,426,39,19,375,457,195,591,56,77,277,133,14,1327,356,123,44,261,219,20921,190,435,221,5,233,19,144,350,47,21,10,31,18,204,52,110,8,41,15,9,84,6,20,140,50,41,45,39,169,130,7,7,74,1,16,1,5,8,65,8,20,44,16,10,16,11,10,3,11,8,126,10,9,28,2039,7,90,13,521,2,3,0,81639,1875,2920,273880,348,43,845,233,1114,6,64338,3116,5224,110,11732,148,91159,1024,1965,2633,1518,38168,3548,119827,5466
2020-04-05,발생,1145427,119199,18431,985,55743,520,7030,479,269,688,277,878,10278,20278,11662,1079,986,2450,3757,961,157,1613,430,5208,3183,443,1510,1364,37,16627,254,252,824,190,771,1075,3163,2612,736,4273,1986,1488,4190,10524,493,442,310,495,858,1265,3737,3383,1096,678,934,76,207,1476,246,1505,1161,1414,450,39,19,375,485,202,591,61,92,333,134,14,1475,396,132,47,261,222,23934,203,460,241,5,269,19,144,350,50,24,10,35,21,204,52,122,8,41,15,9,89,7,20,160,50,46,45,39,186,144,7,7,98,1,18,1,5,9,65,10,20,45,20,10,16,17,10,3,11,8,132,10,15,36,2179,7,97,13,586,2,3,0,81669,1978,3271,308533,355,44,862,239,1189,6,68605,3333,5454,114,13904,151,96092,1505,2301,3018,1615,41903,4149,124632,6078
2020-04-06,발생,1218505,126168,19691,1070,58226,527,7589,556,299,698,298,961,11130,21104,11983,1126,1251,3059,4077,1018,170,1673,483,5510,3613,512,1688,1417,37,17851,440,259,872,210,771,1325,3465,2729,746,4604,2092,1488,4472,11278,509,466,323,553,960,1353,4161,3627,1251,733,977,77,219,1624,555,1585,1267,1595,471,40,19,416,503,213,752,70,96,333,135,14,1673,426,139,53,302,264,27069,245,531,298,5,288,23,144,386,50,24,12,38,21,205,111,122,9,45,16,9,102,10,20,197,59,56,51,39,196,147,12,7,144,1,18,1,5,9,70,10,20,48,20,10,19,18,12,4,11,9,140,10,18,39,2385,7,100,13,632,4,3,0,81708,2067,3654,335524,363,44,890,240,1309,9,70478,3483,5635,114,14404,159,100024,1505,3374,3094,1882,47806,4731,128948,6443
2020-04-07,발생,1288929,131646,20814,1173,60500,541,8018,665,337,723,331,1031,12056,21652,12206,1182,1251,3424,4369,1097,188,1735,555,5640,3864,584,1890,1486,37,18803,562,266,911,210,811,1604,3465,2804,746,5111,2273,1488,4587,11730,533,523,345,574,1113,1451,4471,4102,1319,744,997,78,222,1908,555,1655,1406,1746,485,44,19,435,531,234,864,88,104,377,135,14,1801,446,157,55,302,268,30217,245,604,390,7,320,24,144,400,61,28,12,43,21,205,111,142,9,45,16,9,102,13,22,203,90,62,51,39,227,216,12,9,144,1,21,1,5,9,77,14,29,48,21,11,19,18,12,5,11,9,145,10,18,39,2523,7,103,14,662,6,4,1,81740,2169,3906,364723,373,44,914,241,1375,9,74390,3662,5744,114,16653,176,102453,2076,4067,3246,1927,51608,5389,132547,6830
2020-04-08,발생,1354843,136675,22194,1173,62589,548,8611,743,367,811,371,1031,13717,22241,12519,1222,1423,4005,4681,1108,195,1755,570,5755,4057,641,2143,1562,40,19580,562,277,943,232,843,1832,3747,2843,833,5364,2491,1828,4822,12441,542,540,349,596,1141,1554,4815,4413,1462,817,1021,78,226,2200,555,1686,1485,2281,534,44,19,454,549,241,965,123,113,377,135,15,1988,465,183,58,345,298,34109,323,670,472,7,350,29,159,406,70,29,14,43,21,214,111,142,9,45,16,9,104,14,24,223,121,69,56,39,244,228,14,9,184,1,24,1,7,9,77,16,29,52,21,12,19,19,12,5,14,7,165,10,33,39,2795,15,105,14,695,6,4,1,81802,2220,4257,387547,376,44,935,245,1481,9,78167,3793,5844,115,17049,176,107591,2076,4067,3660,2176,55242,6343,135586,7206
2020-04-09,발생,1440384,141942,23403,1450,64586,575,9404,855,423,821,419,1122,15927,22789,12852,1282,1468,4183,5071,1149,208,1832,599,5863,4417,717,2439,1586,40,20549,861,279,969,254,880,2210,3747,2970,877,5709,2738,1956,5017,13141,548,551,353,623,1242,1628,5116,4848,1668,895,1055,78,237,2447,555,1749,1579,2561,598,58,19,467,577,293,1056,164,115,400,135,15,2100,494,194,59,364,305,38226,349,709,534,8,396,31,165,415,77,33,14,52,24,287,144,172,9,45,16,10,105,14,24,248,135,78,60,39,268,270,15,10,278,1,25,1,7,11,92,17,31,52,22,12,19,21,12,5,15,7,184,10,33,47,2932,15,106,14,781,6,8,1,81865,2369,4768,424945,379,45,960,249,1623,9,82048,3963,5956,115,17049,186,112113,2659,5194,3764,2308,60733,7497,139422,7693
2020-04-10,발생,1530908,148220,23983,1560,66220,582,9404,910,484,855,457,1202,17857,23574,13138,1343,1572,4489,5402,1185,214,1884,599,6010,4761,822,2785,1616,54,21762,1066,308,992,276,912,2376,4450,3034,921,6224,2956,1956,5312,13956,577,566,358,628,1346,1715,5546,5205,1892,980,1091,79,244,2666,730,1845,1780,2954,682,70,19,483,593,299,1174,218,119,409,135,16,2249,526,210,63,384,312,42282,384,727,555,12,457,33,166,424,87,36,14,55,24,313,164,179,10,60,16,12,110,31,25,248,140,93,63,39,273,280,15,10,342,1,27,2,7,11,93,19,33,53,22,15,19,21,12,8,15,11,224,17,33,56,3287,19,107,14,816,7,8,1,81907,2423,5347,461437,380,45,973,251,1910,9,86334,4119,6052,117,20748,189,118181,2659,5734,3870,2487,65077,10131,143626,8419
2020-04-11,발생,1622360,153222,26667,1699,68192,609,9755,993,521,913,484,1279,19638,24308,13492,1407,1666,4695,5635,1207,230,1955,663,6160,5202,926,3181,1648,54,23097,1066,344,1015,288,955,2512,4965,3115,937,7393,3512,2349,5569,15472,589,589,372,643,1431,1795,5972,5575,2203,1190,1124,79,250,2867,730,1934,2054,4342,701,73,19,502,624,337,1289,330,124,416,135,16,2528,564,264,63,414,343,47029,384,802,624,12,515,37,166,456,95,40,15,56,44,313,194,184,10,60,18,12,113,31,25,252,150,103,63,39,314,298,15,11,410,1,30,2,7,11,95,19,33,53,27,15,19,24,12,9,15,11,227,17,35,59,3651,19,109,14,875,7,8,3,81953,2473,6005,495535,382,45,990,255,2108,9,90276,4228,6152,118,21226,190,122171,2990,6412,4076,2605,73758,11917,147577,9141
2020-04-12,발생,1704823,158273,28018,1794,70029,619,10743,1154,521,1016,546,1318,20727,24900,13776,1495,1761,4970,5819,1258,233,2011,711,6244,5467,991,3441,1675,54,24413,1981,344,1035,305,999,2728,7161,3223,937,8089,3512,2349,5732,15987,612,602,372,671,1527,1929,6501,5955,2511,1310,1160,80,265,3105,803,2003,2223,5256,715,73,19,539,635,350,1438,424,129,416,136,16,2752,595,268,63,443,382,52167,480,859,624,21,564,37,171,473,126,41,19,65,44,378,194,189,11,60,18,12,118,37,32,252,187,117,66,40,318,339,16,11,438,2,30,2,7,11,95,19,33,53,28,16,25,24,12,10,16,11,250,20,35,74,4033,19,109,14,901,7,9,3,82052,2518,6748,524903,385,45,1000,257,2299,9,93790,4346,6238,120,23301,197,124908,3736,7447,4195,2769,78991,13584,152271,9685
2020-04-13,발생,1780766,163027,29647,1939,71686,630,11145,1234,555,1087,599,1352,22169,25300,13894,1534,1825,5183,5996,1304,252,2081,828,6320,5990,1058,3844,1689,54,25587,2226,356,1049,318,1053,2979,7257,3270,1013,8928,4241,2620,5902,16585,630,622,381,685,1617,1975,6927,6356,2777,1410,1188,80,278,3380,803,2028,2473,5897,728,73,19,558,661,370,1560,621,133,449,136,16,2974,616,275,65,443,392,56956,533,897,796,21,620,37,171,494,137,42,19,69,49,408,250,191,11,60,18,12,120,48,32,262,215,118,67,40,319,377,16,11,491,2,31,2,7,13,104,19,33,53,38,16,25,25,14,10,16,12,283,20,38,87,4462,21,109,15,948,8,12,4,82160,2551,7255,554226,388,45,1004,258,2532,9,95403,4530,6289,122,24365,199,127574,3736,8356,4428,2905,84279,15770,156363,10483
2020-04-14,발생,1846734,166831,30589,2065,73303,632,11586,1300,665,1348,727,1378,23430,25580,13999,1600,1914,5496,6174,1309,266,2114,828,6415,6300,1098,4219,1701,54,26551,2578,356,1064,323,1062,3231,7466,3281,1039,10647,4241,2967,5991,16934,651,639,389,707,1746,1975,7213,6674,3102,1458,1205,80,280,3630,803,2173,2709,6848,742,76,20,577,675,378,1662,621,134,446,136,16,3234,633,300,69,443,393,61049,533,979,896,25,669,37,171,501,153,42,19,71,57,566,250,197,11,70,18,14,126,50,32,267,298,125,68,43,324,419,16,18,529,2,31,2,7,14,106,19,34,54,41,16,25,25,14,13,16,12,362,20,39,87,4934,21,112,15,1007,10,13,4,82249,2579,7645,577842,393,45,1009,262,2918,12,98076,4683,6322,122,25663,210,129207,4123,9152,4648,2974,88621,18328,159516,10948
2020-04-15,발생,1908509,170099,31119,2190,74877,641,12046,1355,714,1528,813,1400,25262,25834,14159,1650,1983,5837,6318,1332,296,2145,854,6488,6633,1148,4661,1711,93,27419,2919,371,1072,343,1070,3428,7529,3292,1039,11479,4557,3167,6059,17448,655,651,391,726,1838,2252,7525,6934,3372,1512,1212,80,291,4054,803,2272,2776,7519,769,76,20,595,685,384,1712,803,147,475,136,17,3400,662,330,72,497,397,65111,626,1091,1054,60,726,47,181,512,156,47,29,74,57,566,319,208,11,74,21,14,127,51,49,274,363,137,71,45,324,430,16,23,548,6,40,2,10,17,106,19,34,54,62,16,25,26,14,14,16,12,377,21,39,116,5369,23,113,15,1034,10,16,4,82295,2613,8100,594207,393,45,1012,265,3252,16,103573,4817,6366,122,26146,218,131359,4521,10815,4932,3064,93873,21102,162488,11445
2020-04-16,발생,2004287,174060,33573,2350,76389,658,12501,1405,784,1671,910,1415,28320,26336,14321,1704,2070,5988,6511,1373,306,2170,908,6566,6879,1197,5014,1720,93,28153,3281,372,1078,343,1070,3711,7603,3307,1067,12547,4839,3286,6141,18091,657,659,397,747,1988,2336,7917,7202,3764,1579,1220,81,299,4465,855,2415,2852,12475,835,77,20,612,713,393,1934,1012,159,475,136,30,3472,695,354,73,515,407,69392,638,1275,1214,60,766,47,181,483,167,49,32,82,80,636,363,216,11,74,41,15,134,59,53,288,435,149,72,45,324,449,16,23,570,6,40,2,10,18,110,19,34,54,74,16,29,35,14,18,16,12,387,28,40,123,5862,23,113,15,1086,11,16,4,82341,2643,8582,636350,395,45,1016,266,3699,16,106206,4987,6416,122,28364,233,134753,4933,11933,5223,3161,98476,24490,165155,11927
2020-04-17,발생,2073947,180659,34809,2505,77995,663,12758,1524,794,1698,910,1434,30425,26732,14476,1741,2160,5988,6681,1402,336,2192,974,6677,7216,1253,5399,1727,93,29214,3728,393,1084,373,1091,4103,7858,3373,1135,13271,5136,3614,6303,18841,666,673,401,780,2251,2477,8273,7582,4162,1652,1248,81,314,4873,855,2506,2979,12491,863,77,21,618,747,399,2049,1231,161,494,136,30,3574,715,397,105,528,419,74093,654,1295,1349,80,814,48,193,492,180,49,32,85,87,636,404,225,11,117,51,16,136,59,88,288,591,159,73,48,324,466,16,27,584,6,41,2,10,23,110,19,35,55,85,16,33,48,14,18,16,14,397,28,43,144,6380,23,114,15,1116,13,16,4,82367,2672,9167,658263,395,45,1017,267,4427,16,108847,5072,6458,122,28884,238,136569,5365,12380,5453,3237,103093,27938,168941,12540
2020-04-18,발생,2169943,184948,36138,2673,79494,668,12982,1658,845,1740,1069,1434,33682,27078,14553,1791,2268,7025,6879,1434,370,2207,1081,6791,7707,1283,5847,1739,93,30449,4204,426,1086,373,1149,4663,8225,3444,1159,13980,5516,3755,6433,19022,675,694,402,822,2528,2598,8807,7918,4662,1763,1268,81,335,5318,855,2605,3105,13489,977,81,23,626,800,412,2154,1572,174,518,136,31,3751,735,441,125,543,426,78546,688,1480,1380,80,862,55,197,493,196,53,32,92,95,641,438,234,12,117,51,16,138,73,94,303,732,164,75,48,324,489,17,27,609,18,41,7,55,23,117,19,35,55,85,16,33,49,14,18,16,14,449,29,46,171,7142,23,114,15,1169,15,16,4,82719,2700,9795,699105,395,45,1021,268,5050,16,109252,5182,6468,122,31872,238,140886,5825,13835,5660,3369,108692,32008,172434,13516
2020-04-19,발생,2255955,190839,37183,2844,80868,672,13265,1751,908,1767,1180,1482,36599,27440,14662,1814,2418,7638,7073,1459,385,2207,1117,6791,8067,1340,6297,1754,98,31589,4779,426,1094,373,1239,5008,8450,3480,1201,14758,5923,4126,6549,19685,682,703,407,864,2670,2697,9252,8379,5106,1834,1304,81,342,5690,1016,2783,3233,14420,1049,83,28,642,846,422,2264,1838,199,548,136,31,4016,735,465,143,547,442,82329,742,1546,1450,116,923,57,204,502,214,54,66,96,95,641,438,246,12,143,51,19,138,76,148,305,732,177,75,52,324,506,17,33,627,18,43,7,55,24,117,19,35,55,94,16,38,49,14,18,16,14,480,31,50,190,8274,23,114,15,1210,26,17,4,82735,2733,10361,732197,398,45,1023,268,5992,30,111821,5251,6533,122,33341,244,143342,6302,14378,5878,3489,114217,36793,175925,13822
2020-04-20,발생,2328457,194416,38496,3032,82211,673,13491,1915,996,1873,1266,1513,38654,27740,14696,1832,2534,7993,7242,1512,394,2207,1170,6984,8418,1373,6875,1760,98,32655,4779,455,1098,373,1298,5448,9022,3537,1248,15251,6248,4335,6654,20206,712,704,413,866,2820,2784,10088,8742,5449,1916,1317,82,350,5994,1016,3034,3439,15628,1089,83,34,649,878,426,2351,2144,202,548,137,31,4210,761,493,163,547,457,86306,742,1546,1495,135,986,63,204,508,235,54,66,105,108,834,477,262,12,143,79,22,144,81,148,308,732,190,75,57,325,554,17,33,639,19,44,7,55,25,120,19,39,55,107,16,38,49,14,18,16,14,510,31,50,216,9362,23,114,15,1268,30,17,4,82747,2765,10751,755533,420,45,1025,268,6588,31,112606,5305,6586,122,34777,254,145184,6781,16116,6087,3681,120067,42853,178972,14385
2020-04-21,발생,2401682,198674,39983,3144,83505,677,13713,1995,996,1895,1410,1574,40581,27944,14780,1871,2629,8418,7384,1528,399,2235,1207,7068,8746,1398,7497,1771,98,33405,4779,461,1105,541,1326,6015,9468,3550,1286,15652,6575,4680,6787,20863,727,717,417,879,2990,2839,10507,9287,5710,1984,1330,82,367,6318,1016,3158,3621,16325,1161,83,51,655,915,427,2472,2456,206,562,138,32,4273,767,520,173,565,472,90980,847,1546,1565,164,1035,63,228,517,257,58,92,108,109,1042,477,270,12,143,79,22,147,91,171,308,846,201,75,61,328,568,17,33,648,19,44,7,55,25,121,19,39,55,111,16,39,51,14,18,16,14,535,35,50,224,10484,23,114,15,1286,35,17,4,82758,2792,11118,783290,422,45,1025,268,8014,31,114657,5389,6612,122,35383,254,146653,7265,17265,6259,3783,124743,47121,181228,14777
2020-04-22,발생,2492918,200210,40956,3333,84802,677,13942,2080,1092,1952,1508,1602,43079,28063,14810,1881,2718,9505,7515,1535,408,2245,1225,7113,8936,1436,8261,1773,98,34134,6264,462,1107,541,1350,6533,10398,3558,1339,16040,6760,4964,6914,21379,739,718,425,884,3186,2960,10832,9593,6125,2098,1335,82,377,6630,1163,3300,3792,17837,1173,84,67,660,929,431,2548,2948,208,609,138,33,4467,772,564,196,576,477,95591,879,1852,1657,237,1087,65,256,528,289,60,107,111,120,1042,622,281,12,160,79,24,147,99,255,312,945,218,75,65,328,590,18,33,655,23,47,7,55,25,121,24,39,55,119,16,39,51,14,18,16,15,572,35,50,246,11631,23,114,15,1300,43,17,4,82788,2811,11496,823257,425,45,1029,268,9125,31,117324,5424,6625,122,38413,304,148291,7755,18985,6459,3868,129044,52763,183957,15322
2020-04-23,발생,2553818,204178,41889,3490,85996,682,14498,2248,1176,2007,1614,1602,45757,28268,14919,1908,2811,9505,7695,1552,411,2401,1231,7166,9242,1480,8772,1778,98,34842,6723,476,1113,541,1370,6533,10850,3618,1377,16671,7135,5044,7041,21982,748,723,428,901,3377,3073,11296,10169,6592,2168,1340,82,412,6890,1163,3465,3977,19250,1199,86,83,662,975,443,2641,3382,208,634,138,34,4658,784,598,223,581,494,98674,916,1995,1657,286,1137,66,285,535,294,64,140,114,156,1042,688,296,14,165,79,24,150,101,255,313,974,225,75,70,328,612,18,34,657,23,57,7,67,28,121,24,39,56,121,16,42,59,14,18,16,15,604,39,50,258,12772,23,114,15,1340,50,18,4,82798,2826,11919,837947,426,45,1033,268,10141,42,119151,5482,6647,122,38923,310,150062,8238,19984,6599,4014,133495,57999,187327,16004
2020-04-24,발생,2643052,208389,42797,3659,87026,688,14803,2399,1176,2098,1716,1677,49492,28496,14963,1950,2910,10815,7912,1559,420,2408,1259,7250,9710,1518,10544,1785,98,35729,7281,488,1112,541,1398,7764,11183,3654,1473,16671,7418,5300,7136,22353,761,724,435,909,3537,3197,11812,10511,7170,2284,1353,82,442,7114,1163,3635,4149,20914,1244,88,85,669,1024,444,2778,3772,213,634,138,35,4821,790,609,233,600,510,101790,952,2025,1716,328,1189,67,288,543,316,65,162,116,166,1154,761,303,14,186,84,31,153,101,285,314,986,237,75,74,329,631,18,34,662,23,58,8,67,28,121,24,39,61,127,16,42,60,14,18,16,15,630,41,50,293,13930,24,115,15,1367,61,23,4,82804,2839,12388,873137,427,45,1035,268,11178,45,120804,5532,6654,122,42099,330,153129,8756,21700,6710,4129,138078,62773,189973,16755
2020-04-25,발생,2714433,213027,44293,4092,88194,696,15058,2614,1226,2506,1790,1677,52995,28677,15068,1981,3007,11155,8073,1592,431,2463,1300,7345,10417,1548,12872,1789,98,36535,8022,501,1114,981,1410,8525,11183,3665,1523,18184,7775,5543,7188,22797,778,726,437,918,3692,3340,12306,10892,7647,2383,1366,82,479,7276,1401,3953,4356,21648,1325,88,94,681,1097,445,2926,4186,213,678,138,35,4992,795,672,243,600,519,104912,1004,2025,1778,328,1235,67,298,549,342,70,174,116,166,1154,862,320,16,186,84,31,154,101,285,316,999,250,76,76,331,656,18,34,671,24,62,8,67,28,121,25,39,63,139,16,42,60,15,18,16,15,669,41,52,309,15102,24,115,15,1413,64,33,4,82816,2854,12829,890524,428,45,1035,268,12075,48,122577,5603,6667,122,42739,368,154545,9281,23077,6981,4284,143464,68622,192994,17567
2020-04-26,발생,2814368,219767,45325,4092,89328,704,15148,2892,1463,2588,1905,1708,58509,28894,15117,2009,3127,12227,8210,1605,456,2490,1326,7408,10635,1592,12872,1789,98,37190,8773,513,1117,1095,1410,9358,11183,3695,1596,18561,8211,5749,7273,23392,784,733,444,922,3889,3479,12858,11273,8125,2443,1373,82,545,7483,1403,4220,4561,25331,1360,90,116,686,1188,447,3110,4689,220,678,138,36,5166,804,703,257,616,562,107773,1077,2416,1836,390,1285,70,318,557,384,72,213,117,172,1279,954,336,19,200,212,31,176,117,300,319,1008,261,76,84,331,665,18,34,681,24,72,8,88,29,122,25,39,75,144,16,42,61,15,18,16,15,703,65,52,315,15299,24,115,15,1428,82,33,5,82827,2907,13182,933933,429,45,1037,270,12693,49,124114,5691,6687,122,45341,420,156418,9281,24942,7152,4395,148377,74588,195351,18177
2020-04-27,발생,2903964,223762,46134,4319,90481,707,15398,3075,1463,2633,1998,1763,61888,29061,15189,2016,3256,13197,8445,1635,485,2506,1367,7467,11036,1617,13842,1790,98,37845,9590,513,1121,1182,1438,10287,22719,3711,1746,19262,8607,5926,7352,23864,804,738,447,939,4047,3701,13331,11617,8617,2500,1388,83,614,7779,1518,4361,4881,27517,1373,96,137,687,1247,448,3304,4998,223,712,138,37,5338,810,807,288,629,591,110130,1111,2601,1865,436,1337,73,318,563,430,72,237,122,176,1279,996,343,19,200,258,56,183,120,300,319,1023,274,77,84,331,682,18,34,684,24,72,8,90,31,124,25,39,75,146,16,42,61,15,18,16,15,731,70,52,370,17522,24,115,15,1485,86,33,5,82830,2922,13385,963168,429,45,1037,270,13624,49,124575,5742,6703,122,45778,460,157495,10349,26496,7294,4475,152840,80949,197675,18640
2020-04-28,발생,2977073,226632,46687,4782,91472,710,15466,3288,1703,2708,2049,1820,66501,29164,15239,2030,3382,13915,8575,1643,496,2506,1386,7505,11339,1645,14677,1792,98,38245,11289,538,1122,1273,1449,11244,22719,3723,1808,19648,8882,6135,7404,24027,812,740,449,949,4115,3838,13813,11902,9009,2583,1407,83,671,8042,1621,4546,5142,28699,1379,98,188,693,1300,448,3408,5416,228,726,138,38,5538,817,866,305,632,627,112261,1150,2791,1887,480,1369,74,323,596,473,78,275,123,176,1550,1094,355,19,200,258,59,191,124,300,321,1035,298,79,88,332,695,18,46,696,24,72,8,106,31,128,26,39,75,146,16,43,61,18,18,16,15,763,76,53,389,18811,24,115,15,1516,93,34,6,82836,2931,13576,987022,429,45,1037,270,14423,51,128339,5780,6713,122,48489,523,158434,10349,28380,7579,4576,157149,87147,199414,18926
2020-04-29,발생,3046760,229425,47334,5042,92584,717,15589,3440,1827,2810,2131,1847,71886,29264,15314,2039,3517,14079,8698,1647,511,2534,1399,7533,11616,1678,15529,1792,98,38416,12208,538,1124,1337,1449,11921,24258,3729,1867,19877,9096,6293,7449,24322,818,748,449,967,4246,3892,14365,12218,9410,2649,1407,83,735,8275,1621,4793,5379,31190,1381,99,214,695,1363,450,3481,5913,228,736,138,38,5779,822,950,305,632,661,114653,1164,2982,1924,528,1389,74,325,606,500,80,318,124,176,1550,1163,363,42,207,258,65,207,133,300,321,1072,323,79,89,334,708,18,46,701,24,74,8,106,31,128,27,39,79,146,16,43,61,18,18,16,15,780,76,73,408,20077,24,116,15,1564,99,36,6,82858,2938,13852,1011600,429,45,1037,270,14951,52,126835,5820,6725,122,50015,523,159735,11380,29435,7777,4695,161145,93556,201505,19621
2020-04-30,발생,3123160,232131,47859,5268,93657,721,15782,3740,1827,2869,2274,1928,78162,29407,15352,2047,3649,15289,8851,1660,517,2534,1421,7605,11978,1717,16752,1795,98,38802,13181,553,1126,1337,1449,12564,24258,3741,1932,20253,9511,6416,7504,24505,836,753,449,975,4289,4019,14365,12640,9866,2727,1408,83,823,8497,1705,4996,5597,33931,1384,99,245,697,1399,450,3638,6462,230,766,138,38,6021,837,1014,364,638,702,117589,1183,3078,1955,582,1437,74,329,620,530,80,375,126,238,1671,1240,374,50,207,315,71,212,141,300,321,1077,345,80,95,332,729,18,52,709,24,76,8,113,32,128,27,39,79,150,16,43,61,18,18,16,15,790,76,73,424,21402,24,116,15,1588,104,36,34,82862,2947,14088,1037970,429,45,1037,270,15641,54,128442,5851,6738,122,51587,619,161197,11380,31787,7958,4740,165221,99399,203291,20302
2020-05-01,발생,3210558,236902,48519,5537,94640,725,15870,4024,2171,3037,2348,2003,85380,29586,15457,2062,3848,16117,9008,1666,539,2576,1442,7667,12240,1766,19224,1797,98,39316,13181,563,1129,1532,1375,13409,24675,3769,2066,20612,9771,6652,7579,25045,849,753,453,980,4359,4201,14885,12877,10406,2775,1418,83,882,8724,1806,5350,5949,36976,1391,109,256,705,1447,463,3771,7103,239,773,138,38,6200,843,1053,381,638,738,120204,1238,3333,2031,601,1467,75,329,625,557,80,375,130,276,1671,1351,384,50,220,315,91,225,141,480,322,1089,377,80,97,332,746,18,52,713,24,76,8,113,32,128,27,39,79,150,16,43,61,19,18,16,15,799,76,77,482,22753,24,116,17,1689,116,36,34,82874,2954,14281,1067289,429,45,1037,270,16169,54,129581,5945,6746,122,52056,649,163009,12481,33050,8212,4906,171253,106498,205463,21092
2020-05-02,발생,3299555,239372,49032,5895,95646,729,16004,4377,2171,3169,2447,2085,91589,29705,15478,2076,4006,17611,9158,1689,566,2591,1465,7710,12567,1804,20739,1797,98,39791,14027,569,1132,1932,1385,14096,24934,3784,2148,20833,10118,6972,7682,25351,858,746,453,994,4529,4304,16023,13105,10861,2863,1429,83,933,9009,1832,5647,6211,40459,1396,116,396,713,1506,465,3897,7667,249,773,138,38,6378,850,1110,396,645,771,122392,1275,3551,2046,601,1501,78,331,630,585,80,442,131,276,2074,1495,396,64,220,315,100,243,141,480,322,1097,395,80,106,332,756,18,73,719,24,76,8,121,32,132,27,39,81,151,16,43,63,20,18,16,15,799,76,201,490,24097,24,116,17,1757,124,37,35,82875,2960,14545,1100197,429,45,1039,270,17101,54,130185,6002,6762,122,53657,665,164077,13038,35043,8488,4995,177454,114431,207428,21520
2020-05-03,발생,3383376,242991,49517,5895,96448,733,16152,4619,2469,3243,2483,2153,96559,29817,15508,2085,4154,18770,9311,1694,582,2591,1494,7759,12732,1854,20739,1798,98,40236,14917,580,1134,2170,1399,14872,26336,3802,2273,21176,10551,7288,7737,25190,870,746,459,998,4687,4476,17008,13375,11411,2942,1434,83,1024,9205,2069,5951,6507,42534,1403,123,468,719,1588,467,3980,8238,266,789,138,38,6532,857,1167,422,649,804,124375,1275,3785,2094,671,1537,82,333,643,599,81,533,133,308,2074,1537,411,64,229,315,106,249,152,480,322,1112,424,81,109,332,769,18,73,728,24,81,8,121,34,135,29,39,83,151,16,44,63,20,18,16,15,813,79,257,508,25459,24,116,17,1757,136,37,45,82877,2966,14839,1130115,432,45,1039,270,17548,59,130979,6071,6767,122,56714,690,164967,13038,37776,8772,5051,182260,124054,209328,22082
2020-05-04,발생,3465720,245570,49906,6193,97424,737,16193,4983,2469,3356,2568,2219,101147,29905,15527,2088,4295,20084,9407,1699,589,2620,1506,7759,13163,1894,22088,1798,98,40571,15828,580,1136,2388,1406,15551,27464,3812,2386,21176,10843,7578,7755,25282,871,747,461,1009,4880,4532,18435,13693,11913,2998,1439,83,1115,9362,2077,6336,7006,45928,1407,123,519,725,1594,467,4052,8790,333,795,138,39,6720,864,1229,432,652,899,126045,1362,3877,2127,722,1611,82,345,648,644,82,592,133,335,2169,1586,435,72,229,315,108,255,154,480,322,1112,446,81,119,332,795,18,117,736,24,85,8,152,34,149,35,39,85,151,16,44,63,20,18,16,15,823,79,260,544,27011,24,116,17,1757,155,38,45,82880,2969,15057,1157687,432,45,1039,270,18205,59,131287,6176,6783,122,59474,705,165664,14163,40263,8928,5179,186599,134687,210717,22317
2020-05-05,발생,3534355,247125,50267,6465,98647,740,16237,5278,2469,3464,2637,2296,105222,29981,15597,2096,4474,20884,9523,1700,593,2626,1511,7809,13512,1932,23471,1799,95,40770,17489,582,1136,2388,1410,16191,29538,3824,2507,21506,11192,7954,7781,25524,879,749,465,1013,5000,4681,19663,14006,12331,3035,1439,83,1273,9464,2077,6783,7285,47372,1408,124,527,733,1618,477,4121,9455,370,795,138,39,7090,872,1470,463,662,1010,127659,1398,3988,2160,756,1649,82,345,652,688,82,678,135,335,2169,1650,466,72,229,315,112,259,158,480,322,1112,490,81,124,332,830,18,117,750,24,85,8,165,34,151,35,39,88,155,16,44,63,21,18,16,15,851,80,292,563,28656,25,116,17,1857,157,39,46,82881,2987,15231,1177784,438,45,1040,271,18778,75,131863,6298,6801,122,59844,718,165914,14163,42533,9223,5254,190584,145268,211938,22721
